{
    "vertices": [-1,-1,1,-1,1,1,-1,-1,-1,-1,1,-1,1,-1,1,1,1,1,1,-1,-1,1,1,-1],
    "normals": [-0.577349,-0.577349,-0.577349,-0.577349,-0.577349,0.577349,-0.577349,0.577349,0.577349,-0.577349,0.577349,-0.577349,0.577349,0.577349,-0.577349,0.577349,-0.577349,-0.577349,0.577349,0.577349,0.577349,0.577349,-0.577349,0.577349],
    "faces": [43,2,0,1,3,0,2,3,0,1,0,1,2,3,43,3,7,6,2,0,0,1,2,3,3,4,5,0,43,7,5,4,6,0,0,1,2,3,4,6,7,5,43,0,4,5,1,0,2,3,0,1,1,7,6,2,43,0,2,6,4,0,0,1,2,3,1,0,5,7,43,5,7,3,1,0,0,1,2,3,6,4,3,2],
    "materials": [{
        "DbgName": "Material.004",
        "colorDiffuse": [0.64,0.64,0.64],
        "mapDiffuse": "crate.jpg",
        "blending": "NormalBlending",
        "depthWrite": true,
        "wireframe": false,
        "transparent": false,
        "visible": true,
        "DbgColor": 15658734,
        "colorAmbient": [0.64,0.64,0.64],
        "mapDiffuseWrap": ["RepeatWrapping","RepeatWrapping"],
        "opacity": 1,
        "DbgIndex": 0,
        "depthTest": true,
        "mapDiffuseAnisotropy": 1,
        "colorEmissive": [0,0,0],
        "mapDiffuseRepeat": [1,1],
        "shading": "lambert"
    }],
    "metadata": {
        "vertices": 8,
        "normals": 8,
        "type": "Geometry",
        "faces": 6,
        "generator": "io_three",
        "materials": 1,
        "uvs": 1,
        "version": 3
    },
    "name": "Cube.001Geometry",
    "uvs": [[0,0,1,0,1,1,0,1]]
}