{
    "faces": [34,1,2,3,0,0,1,2,34,0,2,1,0,3,1,0,34,3,2,0,0,2,1,3,34,0,1,3,0,3,0,2,34,5,6,7,0,4,5,6,34,4,6,5,0,7,5,4,34,7,6,4,0,6,5,7,34,4,5,7,0,7,4,6,34,9,10,11,0,8,9,10,34,8,10,9,0,11,9,8,34,11,10,8,0,10,9,11,34,8,9,11,0,11,8,10,34,13,14,15,0,12,13,14,34,12,14,13,0,15,13,12,34,15,14,12,0,14,13,15,34,12,13,15,0,15,12,14,34,17,18,19,0,16,17,18,34,16,18,17,0,19,17,16,34,19,18,16,0,18,17,19,34,16,17,19,0,19,16,18,34,21,22,23,0,20,21,22,34,20,22,21,0,23,21,20,34,23,22,20,0,22,21,23,34,20,21,23,0,23,20,22,34,25,26,27,0,24,25,26,34,24,26,25,0,27,25,24,34,27,26,24,0,26,25,27,34,24,25,27,0,27,24,26,34,29,30,31,0,28,29,30,34,28,30,29,0,31,29,28,34,31,30,28,0,30,29,31,34,28,29,31,0,31,28,30,34,33,34,35,0,32,33,34,34,32,34,33,0,35,33,32,34,35,34,32,0,34,33,35,34,32,33,35,0,35,32,34,34,37,38,39,0,36,37,38,34,36,38,37,0,39,37,36,34,39,38,36,0,38,37,39,34,36,37,39,0,39,36,38],
    "materials": [{
        "depthWrite": true,
        "opacity": 1,
        "wireframe": false,
        "visible": true,
        "blending": "NormalBlending",
        "shading": "lambert",
        "colorEmissive": [0,0,0],
        "DbgName": "Material.001",
        "DbgColor": 15658734,
        "depthTest": true,
        "colorDiffuse": [0.64,0.528886,0.052894],
        "DbgIndex": 0,
        "colorAmbient": [0.64,0.528886,0.052894],
        "transparent": false
    }],
    "name": "Cone.001Geometry.1",
    "metadata": {
        "materials": 1,
        "faces": 40,
        "type": "Geometry",
        "version": 3,
        "uvs": 0,
        "vertices": 40,
        "normals": 40,
        "generator": "io_three"
    },
    "uvs": [],
    "vertices": [-1.22435,0.105764,0.815122,-1.181,0.123569,0.805946,-1.33184,0.52863,1.00384,-1.21633,0.12881,0.774079,-1.14484,0.105764,0.746382,-1.18754,0.123569,0.758202,-1.04913,0.52863,0.551416,-1.15032,0.12881,0.787839,-1.27126,0.086418,0.810846,-1.18143,0.096927,0.810622,-1.33075,0.984172,0.845815,-1.22738,0.096927,0.732468,-1.17572,0.089528,0.823174,-1.12903,0.110754,0.784239,-1.23463,0.693869,1.02884,-1.19047,0.111492,0.764469,-1.20316,0.107284,0.739581,-1.20759,0.122368,0.790483,-1.27165,0.617117,0.61037,-1.15987,0.122707,0.766523,-1.11668,0.086418,0.721345,-1.20563,0.096927,0.733828,-1.06252,0.984172,0.678582,-1.14945,0.096927,0.804979,-1.18827,0.086418,0.696299,-1.22259,0.096927,0.779311,-1.19769,0.984172,0.627941,-1.13278,0.096927,0.766936,-1.21638,0.107284,0.780096,-1.17474,0.122368,0.809712,-1.36248,0.617117,0.773659,-1.17121,0.122707,0.756427,-1.16444,0.089528,0.800721,-1.18687,0.110754,0.744215,-0.987423,0.693869,0.920857,-1.22482,0.111493,0.796422,-1.18945,0.086418,0.874916,-1.14412,0.096927,0.797365,-1.18945,0.984172,0.943919,-1.23478,0.096927,0.797365],
    "normals": [-0.943449,0.331492,-0.000214,0.262581,-0.862331,-0.432905,0.138218,0.170995,0.975524,0.385479,0.878262,-0.282846,0.941679,0.331492,-0.05768,-0.23545,-0.8623,0.448286,-0.197851,0.170995,-0.965178,-0.367382,0.878262,0.306009,-0.793939,0.471938,-0.383282,0.115757,-0.990936,-0.068026,-0.05121,0.471938,0.880123,0.660634,0.642415,-0.388348,-0.876522,0.336436,0.344188,0.108615,-0.921751,-0.372204,0.518479,0.319681,0.793054,0.184332,0.819697,-0.542314,0.394757,0.368328,-0.8417,0.153752,-0.943602,0.293191,-0.914975,0.35902,-0.184149,0.274361,0.78341,0.557604,0.838832,0.471938,0.27131,-0.105472,-0.990905,0.083193,-0.069399,0.471938,-0.878872,-0.601428,0.642415,0.474899,0.658986,0.471938,-0.58562,0.018311,-0.990936,0.132939,-0.79284,0.471938,-0.38554,0.104587,0.642415,0.759178,-0.525529,0.368328,-0.766869,0.330485,-0.943663,0.0159,-0.622456,0.35902,0.695425,0.619739,0.78341,0.046052,0.053529,0.336436,0.940153,-0.319712,-0.921751,-0.219337,0.91522,0.319681,-0.245186,-0.457717,0.819697,-0.34431,-0.73278,0.471938,0.490158,-3.1e-05,-0.990936,-0.13422,0.73278,0.471938,0.490158,0,0.642415,-0.76635]
}